geoname_id,locale_code,continent_code,continent_name,country_iso_code,country_name,is_in_european_union
49518,de,AF,Afrika,RW,Ruanda,0
51537,de,AF,Afrika,SO,Somalia,0
69543,de,AS,Asien,YE,Jemen,0
99237,de,AS,Asien,IQ,Irak,0
102358,de,AS,Asien,SA,Saudi-Arabien,0
130758,de,AS,Asien,IR,"Iran (Islamische Republik)",0
146669,de,EU,Europa,CY,Zypern,1
149590,de,AF,Afrika,TZ,Tansania,0
163843,de,AS,Asien,SY,Syrien,0
174982,de,AS,Asien,AM,Armenien,0
192950,de,AF,Afrika,KE,Kenia,0
203312,de,AF,Afrika,CD,Kongo,0
223816,de,AF,Afrika,DJ,Dschibuti,0
226074,de,AF,Afrika,UG,Uganda,0
239880,de,AF,Afrika,CF,"Zentralafrikanische Republik",0
241170,de,AF,Afrika,SC,Seychellen,0
248816,de,AS,Asien,JO,Jordanien,0
272103,de,AS,Asien,LB,Libanon,0
285570,de,AS,Asien,KW,Kuwait,0
286963,de,AS,Asien,OM,Oman,0
289688,de,AS,Asien,QA,Katar,0
290291,de,AS,Asien,BH,Bahrain,0
290557,de,AS,Asien,AE,"Vereinigte Arabische Emirate",0
294640,de,AS,Asien,IL,Israel,0
298795,de,AS,Asien,TR,Türkei,0
337996,de,AF,Afrika,ET,"Äthiopien",0
338010,de,AF,Afrika,ER,Eritrea,0
357994,de,AF,Afrika,EG,"Ägypten",0
366755,de,AF,Afrika,SD,Sudan,0
390903,de,EU,Europa,GR,Griechenland,1
433561,de,AF,Afrika,BI,Burundi,0
453733,de,EU,Europa,EE,Estland,1
458258,de,EU,Europa,LV,Lettland,1
587116,de,AS,Asien,AZ,Aserbaidschan,0
597427,de,EU,Europa,LT,Litauen,1
607072,de,EU,Europa,SJ,"Svalbard und Jan Mayen",0
614540,de,AS,Asien,GE,Georgien,0
617790,de,EU,Europa,MD,"Moldau (Republik Moldau)",0
630336,de,EU,Europa,BY,"Weißrussland",0
660013,de,EU,Europa,FI,Finnland,1
661882,de,EU,Europa,AX,Alandinseln,0
690791,de,EU,Europa,UA,Ukraine,0
718075,de,EU,Europa,MK,"Ehemalige jugoslawische Republik Mazedonien",0
719819,de,EU,Europa,HU,Ungarn,1
732800,de,EU,Europa,BG,Bulgarien,1
783754,de,EU,Europa,AL,Albanien,0
798544,de,EU,Europa,PL,Polen,1
798549,de,EU,Europa,RO,Rumänien,1
831053,de,EU,Europa,XK,Kosovo,0
878675,de,AF,Afrika,ZW,Simbabwe,0
895949,de,AF,Afrika,ZM,Sambia,0
921929,de,AF,Afrika,KM,Komoren,0
927384,de,AF,Afrika,MW,Malawi,0
932692,de,AF,Afrika,LS,Lesotho,0
933860,de,AF,Afrika,BW,Botswana,0
934292,de,AF,Afrika,MU,Mauritius,0
934841,de,AF,Afrika,SZ,Swasiland,0
935317,de,AF,Afrika,RE,Réunion,0
953987,de,AF,Afrika,ZA,Südafrika,0
1024031,de,AF,Afrika,YT,Mayotte,0
1036973,de,AF,Afrika,MZ,Mosambik,0
1062947,de,AF,Afrika,MG,Madagaskar,0
1149361,de,AS,Asien,AF,Afghanistan,0
1168579,de,AS,Asien,PK,Pakistan,0
1210997,de,AS,Asien,BD,Bangladesch,0
1218197,de,AS,Asien,TM,Turkmenistan,0
1220409,de,AS,Asien,TJ,Tadschikistan,0
1227603,de,AS,Asien,LK,"Sri Lanka",0
1252634,de,AS,Asien,BT,Bhutan,0
1269750,de,AS,Asien,IN,Indien,0
1282028,de,AS,Asien,MV,Malediven,0
1282588,de,AS,Asien,IO,"Britisches Territorium im Indischen Ozean",0
1282988,de,AS,Asien,NP,Nepal,0
1327865,de,AS,Asien,MM,"Birma (Myanmar)",0
1512440,de,AS,Asien,UZ,Usbekistan,0
1522867,de,AS,Asien,KZ,Kasachstan,0
1527747,de,AS,Asien,KG,Kirgistan,0
1546748,de,AN,Antarktis,TF,"Französische Süd- und Antarktisgebiete",0
1547314,de,AN,Antarktis,HM,"Heard- und McDonald-Inseln",0
1547376,de,AS,Asien,CC,Kokosinseln,0
1559582,de,OC,Ozeanien,PW,Palau,0
1562822,de,AS,Asien,VN,Vietnam,0
1605651,de,AS,Asien,TH,Thailand,0
1643084,de,AS,Asien,ID,Indonesien,0
1655842,de,AS,Asien,LA,Laos,0
1668284,de,AS,Asien,TW,Taiwan,0
1694008,de,AS,Asien,PH,Philippinen,0
1733045,de,AS,Asien,MY,Malaysia,0
1814991,de,AS,Asien,CN,China,0
1819730,de,AS,Asien,HK,Hongkong,0
1820814,de,AS,Asien,BN,Brunei,0
1821275,de,AS,Asien,MO,Macau,0
1831722,de,AS,Asien,KH,Kambodscha,0
1835841,de,AS,Asien,KR,Südkorea,0
1861060,de,AS,Asien,JP,Japan,0
1873107,de,AS,Asien,KP,Nordkorea,0
1880251,de,AS,Asien,SG,Singapur,0
1899402,de,OC,Ozeanien,CK,Cookinseln,0
1966436,de,OC,Ozeanien,TL,Timor-Leste,0
2017370,de,EU,Europa,RU,Russland,0
2029969,de,AS,Asien,MN,Mongolei,0
2077456,de,OC,Ozeanien,AU,Australien,0
2078138,de,AS,Asien,CX,Weihnachtsinsel,0
2080185,de,OC,Ozeanien,MH,Marshall-Inseln,0
2081918,de,OC,Ozeanien,FM,Mikronesien,0
2088628,de,OC,Ozeanien,PG,Papua-Neuguinea,0
2103350,de,OC,Ozeanien,SB,Solomon-Inseln,0
2110297,de,OC,Ozeanien,TV,Tuwalu,0
2110425,de,OC,Ozeanien,NR,Nauru,0
2134431,de,OC,Ozeanien,VU,Vanuatu,0
2139685,de,OC,Ozeanien,NC,Neukaledonien,0
2155115,de,OC,Ozeanien,NF,Norfolkinsel,0
2186224,de,OC,Ozeanien,NZ,Neuseeland,0
2205218,de,OC,Ozeanien,FJ,Fidschi,0
2215636,de,AF,Afrika,LY,"Libysch-Arabische Dschamahirija",0
2233387,de,AF,Afrika,CM,Kamerun,0
2245662,de,AF,Afrika,SN,Senegal,0
2260494,de,AF,Afrika,CG,"Kongo (Republik Kongo)",0
2264397,de,EU,Europa,PT,Portugal,1
2275384,de,AF,Afrika,LR,Liberia,0
2287781,de,AF,Afrika,CI,Elfenbeinküste,0
2300660,de,AF,Afrika,GH,Ghana,0
2309096,de,AF,Afrika,GQ,"Äquatorialguinea",0
2328926,de,AF,Afrika,NG,Nigeria,0
2361809,de,AF,Afrika,BF,"Burkina Faso",0
2363686,de,AF,Afrika,TG,Togo,0
2372248,de,AF,Afrika,GW,Guinea-Bissau,0
2378080,de,AF,Afrika,MR,Mauretanien,0
2395170,de,AF,Afrika,BJ,Benin,0
2400553,de,AF,Afrika,GA,Gabun,0
2403846,de,AF,Afrika,SL,"Sierra Leone",0
2410758,de,AF,Afrika,ST,"Sao Tomé und Principe",0
2411586,de,EU,Europa,GI,Gibraltar,0
2413451,de,AF,Afrika,GM,Gambia,0
2420477,de,AF,Afrika,GN,Guinea,0
2434508,de,AF,Afrika,TD,Tschad,0
2440476,de,AF,Afrika,NE,Niger,0
2453866,de,AF,Afrika,ML,Mali,0
2461445,de,AF,Afrika,EH,Westsahara,0
2464461,de,AF,Afrika,TN,Tunesien,0
2510769,de,EU,Europa,ES,Spanien,1
2542007,de,AF,Afrika,MA,Marokko,0
2562770,de,EU,Europa,MT,Malta,1
2589581,de,AF,Afrika,DZ,Algerien,0
2622320,de,EU,Europa,FO,Färöer-Inseln,0
2623032,de,EU,Europa,DK,Dänemark,1
2629691,de,EU,Europa,IS,Island,0
2635167,de,EU,Europa,GB,"Vereinigtes Königreich",1
2658434,de,EU,Europa,CH,Schweiz,0
2661886,de,EU,Europa,SE,Schweden,1
2750405,de,EU,Europa,NL,Niederlande,1
2782113,de,EU,Europa,AT,"Österreich",1
2802361,de,EU,Europa,BE,Belgien,1
2921044,de,EU,Europa,DE,Deutschland,1
2960313,de,EU,Europa,LU,Luxemburg,1
2963597,de,EU,Europa,IE,Irland,1
2993457,de,EU,Europa,MC,Monaco,0
3017382,de,EU,Europa,FR,Frankreich,1
3041565,de,EU,Europa,AD,Andorra,0
3042058,de,EU,Europa,LI,Liechtenstein,0
3042142,de,EU,Europa,JE,Jersey,0
3042225,de,EU,Europa,IM,"Insel Man",0
3042362,de,EU,Europa,GG,Guernsey,0
3057568,de,EU,Europa,SK,"Slowakei (Slowakische Republik)",1
3077311,de,EU,Europa,CZ,Tschechien,1
3144096,de,EU,Europa,NO,Norwegen,0
3164670,de,EU,Europa,VA,"Staat der Vatikanstadt",0
3168068,de,EU,Europa,SM,"San Marino",0
3175395,de,EU,Europa,IT,Italien,1
3190538,de,EU,Europa,SI,Slowenien,1
3194884,de,EU,Europa,ME,Montenegro,0
3202326,de,EU,Europa,HR,Kroatien,1
3277605,de,EU,Europa,BA,"Bosnien und Herzegowina",0
3351879,de,AF,Afrika,AO,Angola,0
3355338,de,AF,Afrika,NA,Namibia,0
3370751,de,AF,Afrika,SH,"St. Helena",0
3371123,de,AN,Antarktis,BV,Bouvetinsel,0
3374084,de,NA,Nordamerika,BB,Barbados,0
3374766,de,AF,Afrika,CV,Kapverden,0
3378535,de,SA,Südamerika,GY,Guyana,0
3381670,de,SA,Südamerika,GF,Französisch-Guayana,0
3382998,de,SA,Südamerika,SR,Suriname,0
3424932,de,NA,Nordamerika,PM,"St. Pierre und Miquelon",0
3425505,de,NA,Nordamerika,GL,Grönland,0
3437598,de,SA,Südamerika,PY,Paraguay,0
3439705,de,SA,Südamerika,UY,Uruguay,0
3469034,de,SA,Südamerika,BR,Brasilien,0
3474414,de,SA,Südamerika,FK,Falklandinseln,0
3474415,de,AN,Antarktis,GS,"Südgeorgien und die Südlichen Sandwichinseln",0
3489940,de,NA,Nordamerika,JM,Jamaika,0
3508796,de,NA,Nordamerika,DO,"Dom. Republik",0
3562981,de,NA,Nordamerika,CU,Kuba,0
3570311,de,NA,Nordamerika,MQ,Martinique,0
3572887,de,NA,Nordamerika,BS,Bahamas,0
3573345,de,NA,Nordamerika,BM,Bermuda,0
3573511,de,NA,Nordamerika,AI,Anguilla,0
3573591,de,NA,Nordamerika,TT,"Trinidad und Tobago",0
3575174,de,NA,Nordamerika,KN,"Saint Kitts und Nevis",0
3575830,de,NA,Nordamerika,DM,Dominica,0
3576396,de,NA,Nordamerika,AG,"Antigua und Barbuda",0
3576468,de,NA,Nordamerika,LC,"St. Lucia",0
3576916,de,NA,Nordamerika,TC,"Turks- und Caicosinseln",0
3577279,de,NA,Nordamerika,AW,Aruba,0
3577718,de,NA,Nordamerika,VG,"Britische Jungferninseln",0
3577815,de,NA,Nordamerika,VC,"St. Vincent und die Grenadinen",0
3578097,de,NA,Nordamerika,MS,Montserrat,0
3578421,de,NA,Nordamerika,MF,"St. Martin",0
3578476,de,NA,Nordamerika,BL,"St. Barthélemy",0
3579143,de,NA,Nordamerika,GP,Guadeloupe,0
3580239,de,NA,Nordamerika,GD,Grenada,0
3580718,de,NA,Nordamerika,KY,Kaimaninseln,0
3582678,de,NA,Nordamerika,BZ,Belize,0
3585968,de,NA,Nordamerika,SV,"El Salvador",0
3595528,de,NA,Nordamerika,GT,Guatemala,0
3608932,de,NA,Nordamerika,HN,Honduras,0
3617476,de,NA,Nordamerika,NI,Nikaragua,0
3624060,de,NA,Nordamerika,CR,"Costa Rica",0
3625428,de,SA,Südamerika,VE,Venezuela,0
3658394,de,SA,Südamerika,EC,Ecuador,0
3686110,de,SA,Südamerika,CO,Kolumbien,0
3703430,de,NA,Nordamerika,PA,Panama,0
3723988,de,NA,Nordamerika,HT,Haiti,0
3865483,de,SA,Südamerika,AR,Argentinien,0
3895114,de,SA,Südamerika,CL,Chile,0
3923057,de,SA,Südamerika,BO,Bolivien,0
3932488,de,SA,Südamerika,PE,Peru,0
3996063,de,NA,Nordamerika,MX,Mexiko,0
4030656,de,OC,Ozeanien,PF,Französisch-Polynesien,0
4030699,de,OC,Ozeanien,PN,Pitcairn,0
4030945,de,OC,Ozeanien,KI,Kiribati,0
4031074,de,OC,Ozeanien,TK,Tokelau,0
4032283,de,OC,Ozeanien,TO,Tonga,0
4034749,de,OC,Ozeanien,WF,"Wallis und Futuna",0
4034894,de,OC,Ozeanien,WS,Samoa,0
4036232,de,OC,Ozeanien,NU,Niue,0
4041468,de,OC,Ozeanien,MP,"Nördliche Marianen",0
4043988,de,OC,Ozeanien,GU,Guam,0
4566966,de,NA,Nordamerika,PR,"Puerto Rico",0
4796775,de,NA,Nordamerika,VI,"Amerikanische Jungferninseln",0
5854968,de,OC,Ozeanien,UM,Amerikanisch-Ozeanien,0
5880801,de,OC,Ozeanien,AS,Amerikanisch-Samoa,0
6251999,de,NA,Nordamerika,CA,Kanada,0
6252001,de,NA,Nordamerika,US,USA,0
6254930,de,AS,Asien,PS,"Palästinensische Autonomiegebiete",0
6255147,de,AS,Asien,,,0
6255148,de,EU,Europa,,,0
6290252,de,EU,Europa,RS,Serbien,0
6697173,de,AN,Antarktis,AQ,Antarktis,0
7609695,de,NA,Nordamerika,SX,"Sint Maarten",0
7626836,de,NA,Nordamerika,CW,Curaçao,0
7626844,de,NA,Nordamerika,BQ,Bonaire,0
7909807,de,AF,Afrika,SS,Südsudan,0
